name,designation,joining_date,years_at_djsce,bio_url
Dr. Kriti Srivastava,Head of the Department,02.07.2007,19,https://www.djsce.ac.in/faculty-docs/Kriti_Srivastava.pdf
Dr. Satishkumar Varma,Professor,05.11.2024,2,https://www.djsce.ac.in/faculty-docs/Satishkumar Varma DJSCE [Resume] 08.07.2026.pdf
Prof. Mangal Dandekar,Assistant Professor,05.07.2007,19,https://www.djsce.ac.in/faculty-docs/Mangal Dandekar.pdf
Dr. Nilesh Marathe,Associate Professor,16.12.2022,4,https://www.djsce.ac.in/faculty-docs/325_VTBiodata_Dr. Nilesh Marathe.pdf
Dr. Ajitkumar S. Gudekar,Assistant Professor,20.07.2015,11,https://www.djsce.ac.in/faculty-docs/Gudekar.pdf
Prof. Kanchan Dabre,Assistant Professor,20.12.2021,5,https://www.djsce.ac.in/faculty-docs/Kanchan Dabre Profile Wesite upload.pdf
Prof. Pooja Vartak,Assistant Professor,20.12.2021,5,https://www.djsce.ac.in/faculty-docs/285_VTBiodata_Pooja Vartak.pdf
Prof. Pradnya Joshi,Assistant Professor,28.12.2021,5,https://www.djsce.ac.in/faculty-docs/Biodata_Pradnya Joshi.pdf
Prof. Mohammed Adil shaikh,Assistant Professor,01-09-2023,3,https://www.djsce.ac.in/faculty-docs/Biodata_Adil_Shaikh.pdf
Prof. Rupali Karande,Assistant Professor,01.11.2006,20,https://www.djsce.ac.in/faculty-docs/Rupali Karande.pdf
Prof. Ruchika Patil,Assistant Professor,05-09-2023,3,https://www.djsce.ac.in/faculty-docs/Ruchika_BioData.pdf
Dr. Poonam Jadhav,Assistant Professor,08-09-2023,3,https://www.djsce.ac.in/faculty-docs/Poonam Jadhav .pdf
Dr. Shruti Mathur,Assistant Professor,25-09-2023,3,https://www.djsce.ac.in/faculty-docs/Shruti Mathur_CV.pdf
Prof. Samiran Maity,Assistant Professor,13.09.2024,2,https://www.djsce.ac.in/faculty-docs/Samiran.pdf
Prof. Mrudul Arkadi,Assistant Professor,09-10-2024,2,https://www.djsce.ac.in/faculty-docs/Mrudul Arkadi.pdf
Dr. Namita Pulgam,Assistant Professor,04-11-2024,2,https://www.djsce.ac.in/faculty-docs/DJBiodata_Dr. Namita Pulgam.pdf
Prof. Priya Parate,Assistant Professor,01.01.2025,2,https://www.djsce.ac.in/faculty-docs/Biodata_Priya Parate.pdf
Prof. Govind Wakure,Assistant Professor,01.01.2025,2,https://www.djsce.ac.in/faculty-docs/Biodata_Govind_Wakure.pdf
Prof. Aditi Raut,Assistant Professor,01-01-2025,2,https://www.djsce.ac.in/faculty-docs/Aditi Raut.pdf
Dr. Shraddha More,Assistant Professor,01-01-2025,2,https://www.djsce.ac.in/faculty-docs/Dr. Shraddha_More_21.7.2026.pdf
